dimensionality_reduction,n_dimensions,balancing_technique,n_layers,n_neurons,optimizer_type,learning_rate,epochs,valid_accuracy,valid_loss,train_accuracy,train_loss
none,1,none,1,50,adam,0.01,100,0.2800000011920929,2.4557175636291504,0.29666668176651,2.3550570011138916
none,1,undersample,1,100,adam,0.01,100,0.2815999984741211,2.4565391540527344,0.30757778882980347,2.3186442852020264
none,1,none,1,100,adam,0.01,100,0.2831999957561493,2.4611101150512695,0.30826666951179504,2.318591356277466
none,1,oversample,1,100,adam,0.01,100,0.28459998965263367,2.461867570877075,0.3040222227573395,2.3274667263031006
none,1,undersample,1,50,adam,0.01,100,0.27639999985694885,2.4628026485443115,0.29233333468437195,2.377689838409424
none,1,oversample,1,100,adam,0.001,200,0.27559998631477356,2.465059995651245,0.28824445605278015,2.4010009765625
none,1,none,1,100,adam,0.001,200,0.2757999897003174,2.469616651535034,0.28744444251060486,2.40873646736145
none,1,oversample,1,50,adam,0.01,100,0.27959999442100525,2.4714572429656982,0.2939999997615814,2.382817506790161
none,1,undersample,0,100,adam,0.01,200,0.27320000529289246,2.4752843379974365,0.286133348941803,2.381153106689453
none,1,oversample,0,50,adam,0.01,200,0.272599995136261,2.4753856658935547,0.28584444522857666,2.3807313442230225
none,1,oversample,0,100,adam,0.01,200,0.27379998564720154,2.475674867630005,0.285622239112854,2.3814735412597656
none,1,none,0,50,adam,0.01,200,0.272599995136261,2.475921630859375,0.28557777404785156,2.382261037826538
none,1,none,0,100,adam,0.01,200,0.27320000529289246,2.4759299755096436,0.2856889069080353,2.381101608276367
none,1,none,0,10,adam,0.01,200,0.2733999788761139,2.476160764694214,0.28582221269607544,2.381885290145874
none,1,undersample,0,10,adam,0.01,200,0.27320000529289246,2.4762485027313232,0.28555557131767273,2.3814828395843506
none,1,undersample,0,50,adam,0.01,200,0.27399998903274536,2.4762706756591797,0.2856000065803528,2.381645679473877
none,1,oversample,0,10,adam,0.01,200,0.2735999822616577,2.4762797355651855,0.28566667437553406,2.381786584854126
none,1,undersample,1,50,adam,0.01,200,0.27799999713897705,2.47642183303833,0.3142666816711426,2.2797889709472656
none,1,undersample,0,50,adam,0.1,50,0.2759999930858612,2.4772350788116455,0.2924000024795532,2.359529972076416
none,1,undersample,1,100,adam,0.001,200,0.27459999918937683,2.477755308151245,0.28395554423332214,2.4216442108154297
none,1,none,2,100,adam,0.01,100,0.2802000045776367,2.4786760807037354,0.30362221598625183,2.348712921142578
none,1,none,0,100,adam,0.1,50,0.27480000257492065,2.4794280529022217,0.29206666350364685,2.358264684677124
none,1,undersample,0,10,adam,0.1,50,0.274399995803833,2.479741096496582,0.2920222282409668,2.358543872833252
none,1,oversample,0,50,adam,0.1,50,0.27300000190734863,2.4798154830932617,0.2923111021518707,2.3589608669281006
none,1,undersample,0,100,adam,0.1,50,0.2733999788761139,2.4801671504974365,0.2929111123085022,2.35811710357666
none,1,oversample,0,10,adam,0.1,50,0.274399995803833,2.480323314666748,0.2917555570602417,2.3589375019073486
none,1,oversample,0,100,adam,0.1,50,0.27379998564720154,2.4807803630828857,0.2924000024795532,2.3574185371398926
none,1,undersample,2,100,adam,0.001,200,0.2793999910354614,2.481333017349243,0.287422239780426,2.407115936279297
none,1,none,0,50,adam,0.1,50,0.2751999795436859,2.4814252853393555,0.29242223501205444,2.3574745655059814
none,1,none,0,10,adam,0.1,50,0.27300000190734863,2.481571674346924,0.2921999990940094,2.357290029525757
none,1,oversample,0,100,adam,0.1,100,0.2751999795436859,2.485618829727173,0.2974666655063629,2.3368115425109863
none,1,oversample,0,10,adam,0.1,100,0.27539998292922974,2.485644578933716,0.2975555658340454,2.3371574878692627
none,1,undersample,0,100,adam,0.1,100,0.2757999897003174,2.4861180782318115,0.29751110076904297,2.3368332386016846
none,1,none,0,10,adam,0.1,100,0.2773999869823456,2.48618483543396,0.29742223024368286,2.3371505737304688
none,1,undersample,0,50,adam,0.1,100,0.2757999897003174,2.4864161014556885,0.29766666889190674,2.3368287086486816
none,1,oversample,0,50,adam,0.1,100,0.27480000257492065,2.4864182472229004,0.29784443974494934,2.3368327617645264
none,1,none,0,100,adam,0.1,100,0.2757999897003174,2.4865975379943848,0.2976222336292267,2.3368337154388428
none,1,none,0,50,adam,0.1,100,0.274399995803833,2.4866719245910645,0.29760000109672546,2.3368217945098877
none,1,undersample,2,100,adam,0.01,100,0.27699998021125793,2.4871714115142822,0.29739999771118164,2.3722777366638184
none,1,undersample,0,10,adam,0.1,100,0.27559998631477356,2.4874870777130127,0.29775556921958923,2.336625099182129
none,1,none,2,100,adam,0.001,200,0.26899999380111694,2.488248825073242,0.28691110014915466,2.4137580394744873
none,1,oversample,2,100,adam,0.001,200,0.2733999788761139,2.4919960498809814,0.2829333245754242,2.4306349754333496
none,1,undersample,2,50,adam,0.01,200,0.27379998564720154,2.4923791885375977,0.31751111149787903,2.284554958343506
none,1,none,1,50,adam,0.01,200,0.27879998087882996,2.4926681518554688,0.3156888782978058,2.2824325561523438
none,1,oversample,1,50,adam,0.01,200,0.2750000059604645,2.4932942390441895,0.3116222321987152,2.290454864501953
none,1,undersample,0,100,adam,0.1,20,0.2655999958515167,2.4955878257751465,0.2751777768135071,2.425541400909424
none,1,oversample,0,50,adam,0.1,200,0.27539998292922974,2.496346950531006,0.2995777726173401,2.3292150497436523
none,1,undersample,0,10,adam,0.1,200,0.2751999795436859,2.4965426921844482,0.2995111048221588,2.3291194438934326
none,1,none,0,100,adam,0.1,200,0.2750000059604645,2.496558904647827,0.2997555732727051,2.329094171524048
none,1,oversample,0,100,adam,0.1,200,0.2757999897003174,2.4965596199035645,0.29988887906074524,2.3291008472442627
none,1,undersample,0,50,adam,0.1,200,0.27459999918937683,2.4965875148773193,0.2995777726173401,2.3292672634124756
none,1,none,0,10,adam,0.1,200,0.2751999795436859,2.4967000484466553,0.29997777938842773,2.3291001319885254
none,1,oversample,0,10,adam,0.1,200,0.27480000257492065,2.4967548847198486,0.2994222342967987,2.329085350036621
none,1,none,0,50,adam,0.1,200,0.2751999795436859,2.4967706203460693,0.2995111048221588,2.3290719985961914
none,1,undersample,0,100,adam,0.1,200,0.2750000059604645,2.496861219406128,0.2995777726173401,2.329146385192871
none,1,undersample,0,10,adam,0.1,20,0.26639997959136963,2.497229814529419,0.27613332867622375,2.4248571395874023
none,1,none,0,100,adam,0.1,20,0.2662000060081482,2.498370409011841,0.27548888325691223,2.4257421493530273
none,1,oversample,0,100,adam,0.1,20,0.2639999985694885,2.498661994934082,0.274911105632782,2.423377513885498
none,1,oversample,0,10,adam,0.1,20,0.2651999890804291,2.499009370803833,0.27462223172187805,2.423755645751953
none,1,none,0,10,adam,0.1,20,0.2653999924659729,2.4994583129882812,0.2748444378376007,2.4241764545440674
none,1,none,1,10,adam,0.1,100,0.2651999890804291,2.4996495246887207,0.281333327293396,2.434196710586548
none,1,none,0,50,adam,0.1,20,0.2645999789237976,2.500087022781372,0.2756222188472748,2.4242167472839355
none,1,undersample,0,50,adam,0.1,20,0.2651999890804291,2.502289056777954,0.2749555706977844,2.4252634048461914
none,1,none,0,10,adam,0.01,100,0.26159998774528503,2.502647876739502,0.27219998836517334,2.4378304481506348
none,1,undersample,0,10,adam,0.01,100,0.2635999917984009,2.502800226211548,0.27202221751213074,2.4383106231689453
none,1,oversample,0,10,adam,0.01,100,0.26260000467300415,2.5028491020202637,0.2719777822494507,2.4383299350738525
none,1,none,0,50,adam,0.01,100,0.26499998569488525,2.5029990673065186,0.27204445004463196,2.4384355545043945
none,1,oversample,0,50,adam,0.1,20,0.262800008058548,2.503046751022339,0.2733111083507538,2.4283087253570557
none,1,oversample,0,50,adam,0.01,100,0.2629999816417694,2.503263235092163,0.27204445004463196,2.438582181930542
none,1,none,3,50,adam,0.01,200,0.27320000529289246,2.503540277481079,0.2975555658340454,2.3591582775115967
none,1,undersample,0,50,adam,0.01,100,0.26420000195503235,2.5039920806884766,0.27148890495300293,2.4393155574798584
none,1,undersample,0,100,adam,0.01,100,0.262800008058548,2.504169225692749,0.2717111110687256,2.438309669494629
none,1,oversample,0,100,adam,0.01,100,0.26479998230934143,2.5042574405670166,0.2717333436012268,2.439558506011963
none,1,none,0,100,adam,0.01,100,0.26479998230934143,2.5044143199920654,0.2717333436012268,2.4394195079803467
none,1,oversample,1,10,adam,0.01,200,0.2683999836444855,2.5064518451690674,0.277444452047348,2.4459564685821533
none,1,undersample,2,50,adam,0.01,100,0.26980000734329224,2.5072522163391113,0.286688894033432,2.4159555435180664
none,1,oversample,1,100,adam,0.01,50,0.2621999979019165,2.5072834491729736,0.27284443378448486,2.4636473655700684
none,1,none,2,50,adam,0.01,100,0.26999998092651367,2.5079562664031982,0.27728888392448425,2.437962055206299
none,1,oversample,2,100,adam,0.01,100,0.2678000032901764,2.5083935260772705,0.2894666790962219,2.399480104446411
none,1,undersample,2,10,adam,0.01,200,0.2712000012397766,2.5108907222747803,0.27942222356796265,2.4403886795043945
none,1,oversample,2,10,adam,0.01,200,0.26499998569488525,2.5118274688720703,0.2814222276210785,2.436509609222412
none,1,undersample,1,100,adam,0.01,50,0.25999999046325684,2.5119528770446777,0.27284443378448486,2.467233657836914
none,1,undersample,1,10,adam,0.01,200,0.2680000066757202,2.513169050216675,0.2726222276687622,2.4551703929901123
none,1,none,2,10,adam,0.01,200,0.2629999816417694,2.5172507762908936,0.2768666744232178,2.450119733810425
none,1,none,1,100,adam,0.01,50,0.2621999979019165,2.5189476013183594,0.27051112055778503,2.4756710529327393
none,1,oversample,2,50,adam,0.01,100,0.2611999809741974,2.519507646560669,0.2754444479942322,2.462486505508423
none,1,oversample,3,100,adam,0.001,200,0.2639999985694885,2.5208840370178223,0.27684444189071655,2.450985908508301
none,1,undersample,1,50,adam,0.001,200,0.26260000467300415,2.523430347442627,0.26793333888053894,2.485621690750122
none,1,oversample,2,50,adam,0.01,200,0.2694000005722046,2.5250818729400635,0.3114444613456726,2.3191123008728027
none,1,none,1,50,adam,0.01,50,0.257999986410141,2.525373697280884,0.26715555787086487,2.4946563243865967
none,1,oversample,1,50,adam,0.001,200,0.25920000672340393,2.5259087085723877,0.265666663646698,2.489824056625366
none,1,oversample,3,100,adam,0.01,100,0.2603999972343445,2.527782917022705,0.2916888892650604,2.3974530696868896
none,1,none,1,10,adam,0.01,200,0.26440000534057617,2.5290029048919678,0.2747555673122406,2.459941864013672
none,1,undersample,3,100,adam,0.001,200,0.26080000400543213,2.5320045948028564,0.27631109952926636,2.457338333129883
none,1,oversample,2,50,adam,0.001,200,0.2595999836921692,2.53300404548645,0.2650666832923889,2.4976587295532227
none,1,none,1,50,adam,0.001,200,0.25439998507499695,2.5332858562469482,0.2637111246585846,2.4972970485687256
none,1,oversample,0,10,adam,0.1,10,0.25099998712539673,2.5340328216552734,0.2551555633544922,2.4921984672546387
none,1,none,3,100,adam,0.001,200,0.2621999979019165,2.5343573093414307,0.2714666724205017,2.474759101867676
none,1,none,0,10,adam,0.1,10,0.24959999322891235,2.5345821380615234,0.2566666603088379,2.493321657180786
none,1,none,0,50,adam,0.1,10,0.2513999938964844,2.536468982696533,0.25691112875938416,2.4945075511932373
none,1,oversample,0,100,adam,0.1,10,0.2523999810218811,2.536510467529297,0.2547333240509033,2.492983102798462
none,1,none,0,100,adam,0.1,10,0.2533999979496002,2.536550283432007,0.25706666707992554,2.492164373397827
none,1,undersample,1,50,adam,0.01,50,0.26319998502731323,2.536886215209961,0.26571112871170044,2.5070009231567383
none,1,undersample,0,50,adam,0.1,10,0.24879999458789825,2.5389060974121094,0.2523333430290222,2.4961392879486084
none,1,oversample,0,50,adam,0.1,10,0.2502000033855438,2.5394670963287354,0.2542666792869568,2.4966821670532227
none,1,undersample,1,10,adam,0.1,100,0.2629999816417694,2.5395901203155518,0.26873332262039185,2.4878745079040527
none,1,none,2,50,adam,0.01,200,0.26919999718666077,2.539815902709961,0.31157776713371277,2.312649965286255
none,1,undersample,0,10,adam,0.1,10,0.25,2.5402162075042725,0.25406667590141296,2.498772144317627
none,1,undersample,0,100,adam,0.1,10,0.24939998984336853,2.5416815280914307,0.25306665897369385,2.4979429244995117
none,1,none,2,50,adam,0.001,200,0.2563999891281128,2.5422472953796387,0.26460000872612,2.5046510696411133
none,1,undersample,1,10,adam,0.1,200,0.26179999113082886,2.5440127849578857,0.26704445481300354,2.490159034729004
none,1,oversample,3,50,adam,0.01,200,0.26440000534057617,2.544300079345703,0.29831111431121826,2.3773982524871826
none,1,oversample,2,100,adam,0.01,50,0.25920000672340393,2.545738935470581,0.2634444534778595,2.5026254653930664
none,1,undersample,2,50,adam,0.001,200,0.25939998030662537,2.547177791595459,0.2627333402633667,2.516857624053955
none,1,undersample,1,100,adam,0.01,200,0.27699998021125793,2.547830581665039,0.34237778186798096,2.179802894592285
none,1,undersample,3,50,adam,0.001,200,0.26080000400543213,2.5490007400512695,0.2651999890804291,2.514178514480591
none,1,oversample,1,50,adam,0.01,50,0.2541999816894531,2.54984450340271,0.2581999897956848,2.521005153656006
none,1,none,1,100,adam,0.01,200,0.27399998903274536,2.550316333770752,0.3473111093044281,2.150608777999878
none,1,oversample,1,100,adam,0.01,200,0.2655999958515167,2.550394058227539,0.34584444761276245,2.1680214405059814
none,1,oversample,1,10,adam,0.1,100,0.25519999861717224,2.5508413314819336,0.26377779245376587,2.511823892593384
none,1,none,3,100,adam,0.01,100,0.26159998774528503,2.55120849609375,0.2716444432735443,2.4751832485198975
none,1,undersample,3,100,adam,0.01,100,0.2572000026702881,2.5555171966552734,0.26331111788749695,2.4989781379699707
none,1,oversample,3,50,adam,0.01,100,0.25939998030662537,2.5556206703186035,0.26473334431648254,2.500900983810425
none,1,none,1,10,adam,0.1,200,0.2505999803543091,2.5569567680358887,0.25886666774749756,2.5240890979766846
none,1,oversample,3,50,adam,0.001,200,0.2572000026702881,2.557600736618042,0.26064443588256836,2.526864767074585
none,1,oversample,1,10,adam,0.01,100,0.25040000677108765,2.559058904647827,0.25715556740760803,2.5247912406921387
none,1,none,2,10,adam,0.01,100,0.25839999318122864,2.560410261154175,0.2615777850151062,2.5222249031066895
none,1,none,3,50,adam,0.001,200,0.2590000033378601,2.5632379055023193,0.25886666774749756,2.538050413131714
none,1,undersample,1,10,adam,0.1,50,0.2547999918460846,2.5635013580322266,0.2585333287715912,2.5268266201019287
none,1,undersample,0,100,adam,0.01,50,0.24799999594688416,2.5641860961914062,0.24957777559757233,2.520326614379883
none,1,oversample,0,50,adam,0.01,50,0.2491999864578247,2.5642521381378174,0.2490222305059433,2.5206692218780518
none,1,none,0,10,adam,0.01,50,0.24699999392032623,2.56439208984375,0.24862222373485565,2.521927833557129
none,1,undersample,0,10,adam,0.01,50,0.24819999933242798,2.56475830078125,0.24895556271076202,2.521773338317871
none,1,none,1,10,adam,0.1,50,0.2556000053882599,2.565416097640991,0.25824445486068726,2.531684637069702
none,1,undersample,3,50,adam,0.01,200,0.2669999897480011,2.5654287338256836,0.3050888776779175,2.343564033508301
none,1,oversample,0,10,adam,0.01,50,0.2475999891757965,2.565725088119507,0.24975556135177612,2.5223941802978516
none,1,none,0,50,adam,0.01,50,0.24740000069141388,2.5659244060516357,0.24806666374206543,2.522501230239868
none,1,undersample,0,50,adam,0.01,50,0.24779999256134033,2.5659339427948,0.2491111159324646,2.521827459335327
none,1,oversample,0,100,adam,0.01,50,0.24819999933242798,2.5663485527038574,0.24880000948905945,2.5226407051086426
none,1,none,0,100,adam,0.01,50,0.2491999864578247,2.5672428607940674,0.2488444447517395,2.523364305496216
none,1,none,3,50,adam,0.01,100,0.25699999928474426,2.567246913909912,0.2599555552005768,2.5240931510925293
none,1,oversample,2,100,adam,0.01,200,0.2639999985694885,2.5702593326568604,0.3318222165107727,2.2259061336517334
none,1,none,1,10,adam,0.01,100,0.25040000677108765,2.571220636367798,0.2532888948917389,2.5372400283813477
none,1,oversample,2,50,adam,0.01,50,0.24939998984336853,2.5719921588897705,0.25315555930137634,2.5446431636810303
none,1,undersample,3,50,adam,0.01,100,0.25459998846054077,2.572604179382324,0.2574889063835144,2.5393056869506836
none,1,oversample,1,10,adam,0.1,50,0.25519999861717224,2.5741732120513916,0.258177787065506,2.5394561290740967
none,1,oversample,3,10,adam,0.01,200,0.257999986410141,2.574512481689453,0.256933331489563,2.5475049018859863
none,1,undersample,2,100,adam,0.01,200,0.2719999849796295,2.57486891746521,0.34700000286102295,2.168644905090332
none,1,undersample,2,10,adam,0.1,200,0.259799987077713,2.5756232738494873,0.26377779245376587,2.522597074508667
none,1,none,2,10,adam,0.1,200,0.25759997963905334,2.57706618309021,0.26831111311912537,2.5091335773468018
none,1,undersample,3,10,adam,0.01,100,0.24740000069141388,2.5780422687530518,0.24780000746250153,2.554032564163208
none,1,none,3,10,adam,0.01,200,0.25119999051094055,2.5844931602478027,0.2563111186027527,2.5591771602630615
none,1,undersample,2,50,adam,0.01,50,0.2457999885082245,2.584975481033325,0.24348889291286469,2.5649051666259766
none,1,oversample,3,10,adam,0.01,100,0.25040000677108765,2.5880649089813232,0.2528444528579712,2.5607244968414307
none,1,undersample,3,10,adam,0.01,200,0.24799999594688416,2.5935699939727783,0.24788889288902283,2.567509651184082
none,1,none,2,50,adam,0.01,50,0.2465999871492386,2.5948750972747803,0.24533332884311676,2.573582649230957
none,1,oversample,2,10,adam,0.01,100,0.2457999885082245,2.5954787731170654,0.243577778339386,2.576354503631592
none,1,none,3,10,adam,0.1,200,0.25619998574256897,2.5965545177459717,0.2606666684150696,2.54551362991333
none,1,undersample,1,10,adam,0.01,100,0.24199999868869781,2.597241163253784,0.2515111267566681,2.562168598175049
none,1,none,2,100,adam,0.01,200,0.2653999924659729,2.600393295288086,0.3447111248970032,2.1817400455474854
none,1,none,1,100,adam,0.001,100,0.24239999055862427,2.6037187576293945,0.2387777864933014,2.5809247493743896
none,1,oversample,1,100,adam,0.001,100,0.24059998989105225,2.605534791946411,0.23475556075572968,2.581264019012451
none,1,oversample,3,100,adam,0.01,200,0.26579999923706055,2.6057639122009277,0.32695555686950684,2.268350601196289
none,1,none,2,100,adam,0.01,50,0.24120000004768372,2.607588529586792,0.23960000276565552,2.593982219696045
none,1,oversample,2,10,adam,0.1,50,0.24039998650550842,2.613314628601074,0.238955557346344,2.5961952209472656
none,1,oversample,3,10,adam,0.1,200,0.25220000743865967,2.613584280014038,0.25824445486068726,2.5479960441589355
none,1,undersample,1,100,adam,0.001,100,0.23819999396800995,2.619250535964966,0.23420000076293945,2.5979325771331787
none,1,undersample,3,10,adam,0.1,200,0.2393999993801117,2.6348071098327637,0.2419111132621765,2.6025967597961426
none,1,none,1,10,adam,0.1,20,0.2329999953508377,2.6371254920959473,0.23151111602783203,2.618333578109741
none,1,oversample,1,10,adam,0.01,50,0.23499999940395355,2.6406803131103516,0.23355555534362793,2.6237728595733643
none,1,oversample,2,10,adam,0.1,200,0.23999999463558197,2.641049861907959,0.23928889632225037,2.6131160259246826
none,1,undersample,1,10,adam,0.01,50,0.23739999532699585,2.6434719562530518,0.23515555262565613,2.626802682876587
none,1,oversample,1,100,adam,0.1,100,0.23579999804496765,2.6436965465545654,0.2335333377122879,2.6191904544830322
none,1,undersample,3,10,adam,0.1,100,0.2465999871492386,2.645662546157837,0.2456444501876831,2.624166965484619
none,1,none,2,50,adam,0.1,200,0.23579999804496765,2.646634817123413,0.23440000414848328,2.619865894317627
none,1,oversample,1,50,adam,0.1,100,0.23319999873638153,2.6478748321533203,0.23253333568572998,2.620286226272583
none,1,oversample,1,100,adam,0.1,200,0.2345999926328659,2.648430347442627,0.23271110653877258,2.6182589530944824
none,1,none,2,10,adam,0.1,50,0.2345999926328659,2.6498336791992188,0.23186667263507843,2.6253490447998047
none,1,none,3,50,adam,0.01,50,0.23019999265670776,2.651904344558716,0.23275555670261383,2.6340255737304688
none,1,undersample,3,50,adam,0.1,200,0.2305999994277954,2.652451515197754,0.23097777366638184,2.6302409172058105
none,1,none,2,10,adam,0.001,200,0.22360000014305115,2.6565053462982178,0.218666672706604,2.641514301300049
none,1,undersample,3,100,adam,0.01,50,0.2295999974012375,2.656850576400757,0.22537778317928314,2.6388611793518066
none,1,undersample,1,100,adam,0.1,200,0.23539999127388,2.6574854850769043,0.23191110789775848,2.633470058441162
none,1,undersample,0,50,adam,0.001,200,0.21159999072551727,2.6577565670013428,0.2105555534362793,2.629995822906494
none,1,oversample,0,10,adam,0.001,200,0.21400000154972076,2.6589789390563965,0.21071110665798187,2.6305294036865234
none,1,none,0,100,adam,0.001,200,0.2125999927520752,2.659024238586426,0.2093111127614975,2.631249189376831
none,1,undersample,0,10,adam,0.001,200,0.2141999900341034,2.6590943336486816,0.21131111681461334,2.6306841373443604
none,1,oversample,0,50,adam,0.001,200,0.21279999613761902,2.6593079566955566,0.2105555534362793,2.631225347518921
none,1,none,0,50,adam,0.001,200,0.21239998936653137,2.6598587036132812,0.21022222936153412,2.6315081119537354
none,1,undersample,0,100,adam,0.001,200,0.21359999477863312,2.6599042415618896,0.21102222800254822,2.631486415863037
none,1,undersample,1,50,adam,0.001,100,0.23759999871253967,2.6599512100219727,0.23028889298439026,2.639981269836426
none,1,none,0,10,adam,0.001,200,0.21299999952316284,2.659982919692993,0.21026666462421417,2.63150954246521
none,1,oversample,2,100,adam,0.001,100,0.23899999260902405,2.6600534915924072,0.23360000550746918,2.6487345695495605
none,1,oversample,0,100,adam,0.001,200,0.21480000019073486,2.6604421138763428,0.21042221784591675,2.6323752403259277
none,1,none,3,10,adam,0.1,100,0.22739998996257782,2.662963390350342,0.22877778112888336,2.638364315032959
none,1,none,1,100,adam,0.01,20,0.2321999967098236,2.6645686626434326,0.22460000216960907,2.6446425914764404
none,1,oversample,1,50,adam,0.1,50,0.23639999330043793,2.6653084754943848,0.23631110787391663,2.6419384479522705
none,1,oversample,3,100,adam,0.01,50,0.21119999885559082,2.666351079940796,0.20453333854675293,2.6377615928649902
none,1,undersample,2,100,adam,0.01,50,0.23259998857975006,2.666607141494751,0.22937777638435364,2.65468168258667
none,1,none,2,100,adam,0.001,100,0.23739999532699585,2.6682519912719727,0.23399999737739563,2.656510591506958
none,1,none,3,10,adam,0.1,50,0.2295999974012375,2.673166513442993,0.22655555605888367,2.65450119972229
none,1,undersample,2,100,adam,0.001,100,0.23359999060630798,2.6737594604492188,0.22991111874580383,2.6614415645599365
none,1,undersample,2,10,adam,0.01,100,0.21959999203681946,2.6740221977233887,0.21624444425106049,2.6543333530426025
none,1,undersample,0,10,adam,0.01,20,0.20960000157356262,2.675961494445801,0.20537778735160828,2.6463236808776855
none,1,none,0,50,adam,0.01,20,0.20919999480247498,2.6763203144073486,0.20524445176124573,2.646449565887451
none,1,oversample,2,10,adam,0.01,50,0.21299999952316284,2.676490068435669,0.20755556225776672,2.660515069961548
none,1,oversample,2,10,adam,0.1,100,0.2207999974489212,2.676762819290161,0.21497778594493866,2.6613240242004395
none,1,oversample,1,10,adam,0.1,200,0.23319999873638153,2.6770553588867188,0.2423555552959442,2.599663257598877
none,1,none,0,10,adam,0.01,20,0.20960000157356262,2.6777355670928955,0.2051333338022232,2.6473660469055176
none,1,oversample,0,50,adam,0.01,20,0.20960000157356262,2.677781105041504,0.20526666939258575,2.6477575302124023
none,1,none,0,100,adam,0.01,20,0.2093999981880188,2.678124189376831,0.20520000159740448,2.6476221084594727
none,1,undersample,3,50,adam,0.01,50,0.21119999885559082,2.6783878803253174,0.20453333854675293,2.6643974781036377
none,1,oversample,0,100,adam,0.01,20,0.2093999981880188,2.6785457134246826,0.20517778396606445,2.6471800804138184
none,1,undersample,0,50,adam,0.01,20,0.2093999981880188,2.678947687149048,0.20499999821186066,2.648759126663208
none,1,undersample,0,100,adam,0.01,20,0.2093999981880188,2.678971529006958,0.20497778058052063,2.6479663848876953
none,1,oversample,0,10,adam,0.01,20,0.20960000157356262,2.6794304847717285,0.20506666600704193,2.649906635284424
none,1,oversample,1,50,adam,0.001,100,0.23240000009536743,2.6827638149261475,0.22671110928058624,2.6644794940948486
none,1,none,3,10,adam,0.001,200,0.23119999468326569,2.684189558029175,0.22986666858196259,2.6689019203186035
none,1,none,1,50,adam,0.001,100,0.21559999883174896,2.68475341796875,0.21202223002910614,2.666348695755005
none,1,undersample,2,100,adam,0.1,50,0.22280000150203705,2.6855008602142334,0.21917778253555298,2.667161703109741
none,1,none,3,100,adam,0.01,50,0.21119999885559082,2.6856777667999268,0.20453333854675293,2.6726431846618652
none,1,none,1,50,adam,0.1,20,0.21199999749660492,2.687420606613159,0.206377774477005,2.675701141357422
none,1,oversample,3,10,adam,0.01,50,0.21119999885559082,2.688126802444458,0.20453333854675293,2.6824276447296143
none,1,none,3,10,adam,0.01,100,0.21819999814033508,2.6911709308624268,0.2125111073255539,2.676149606704712
none,1,oversample,3,50,adam,0.01,50,0.21119999885559082,2.694018840789795,0.20453333854675293,2.677111864089966
none,1,oversample,2,50,adam,0.001,100,0.2133999913930893,2.6946940422058105,0.2077111154794693,2.682058572769165
none,1,none,2,10,adam,0.1,20,0.21119999885559082,2.696500301361084,0.20453333854675293,2.688051700592041
none,1,none,1,10,adam,0.001,200,0.22779999673366547,2.696770429611206,0.2213333398103714,2.6833009719848633
none,1,oversample,3,10,adam,0.001,200,0.21119999885559082,2.6969401836395264,0.20453333854675293,2.684891700744629
none,1,none,1,10,adam,0.01,50,0.21619999408721924,2.697366237640381,0.21033333241939545,2.6736507415771484
none,1,none,3,100,adam,0.001,100,0.21119999885559082,2.698647975921631,0.20453333854675293,2.6878855228424072
none,1,none,2,10,adam,0.01,50,0.21439999341964722,2.69962477684021,0.20653334259986877,2.6787729263305664
none,1,undersample,3,10,adam,0.01,50,0.21119999885559082,2.703396797180176,0.20453333854675293,2.6938445568084717
none,1,undersample,1,10,adam,0.1,20,0.21119999885559082,2.7041192054748535,0.20453333854675293,2.691002368927002
none,1,oversample,1,100,adam,0.01,20,0.21559999883174896,2.7068698406219482,0.21122223138809204,2.6965787410736084
none,1,undersample,1,50,adam,0.01,20,0.21119999885559082,2.70698881149292,0.20457777380943298,2.686805486679077
none,1,undersample,1,100,adam,0.01,20,0.210999995470047,2.7086129188537598,0.2057555615901947,2.694749593734741
none,1,undersample,3,100,adam,0.001,100,0.21119999885559082,2.709502696990967,0.20453333854675293,2.6977627277374268
none,1,undersample,1,10,adam,0.001,200,0.21220000088214874,2.7099087238311768,0.20706667006015778,2.6951780319213867
none,1,none,2,50,adam,0.001,100,0.21119999885559082,2.7118654251098633,0.20453333854675293,2.699769973754883
none,1,oversample,3,100,adam,0.001,100,0.21119999885559082,2.7120859622955322,0.20453333854675293,2.700381278991699
none,1,undersample,2,50,adam,0.001,100,0.21119999885559082,2.7150473594665527,0.20453333854675293,2.703218936920166
none,1,undersample,2,10,adam,0.01,50,0.22299998998641968,2.7151131629943848,0.21913333237171173,2.6977007389068604
none,1,oversample,1,50,adam,0.01,20,0.21119999885559082,2.7168352603912354,0.2046000063419342,2.7001185417175293
none,1,undersample,2,10,adam,0.1,20,0.21119999885559082,2.7175920009613037,0.20453333854675293,2.7052199840545654
none,1,undersample,3,50,adam,0.001,100,0.21119999885559082,2.7213339805603027,0.20453333854675293,2.709745407104492
none,1,oversample,2,10,adam,0.001,200,0.21059998869895935,2.7219326496124268,0.20419999957084656,2.7095277309417725
none,1,undersample,0,100,adam,0.01,10,0.21119999885559082,2.7223474979400635,0.20766666531562805,2.7062811851501465
none,1,none,0,10,adam,0.01,10,0.2157999873161316,2.7230007648468018,0.20973333716392517,2.7063896656036377
none,1,none,0,100,adam,0.001,100,0.210999995470047,2.723978042602539,0.2064666748046875,2.706862688064575
none,1,oversample,0,10,adam,0.01,10,0.21379999816417694,2.724020004272461,0.206377774477005,2.7088069915771484
none,1,none,0,50,adam,0.01,10,0.21359999477863312,2.7243759632110596,0.20906667411327362,2.707517147064209
none,1,undersample,0,10,adam,0.001,100,0.21059998869895935,2.7244505882263184,0.2069111168384552,2.7083351612091064
none,1,oversample,3,100,adam,0.01,20,0.21119999885559082,2.725221872329712,0.20453333854675293,2.7146780490875244
none,1,oversample,3,50,adam,0.001,100,0.21119999885559082,2.725693464279175,0.20453333854675293,2.714247703552246
none,1,oversample,0,10,adam,0.001,100,0.21899999678134918,2.72586989402771,0.21386666595935822,2.7091424465179443
none,1,oversample,1,10,adam,0.001,200,0.21059998869895935,2.726074695587158,0.20466667413711548,2.7098567485809326
none,1,oversample,0,100,adam,0.01,10,0.21480000019073486,2.7265405654907227,0.21066667139530182,2.709273338317871
none,1,none,0,100,adam,0.01,10,0.21599999070167542,2.7266974449157715,0.2133333384990692,2.7104244232177734
none,1,undersample,0,100,adam,0.001,100,0.21279999613761902,2.7268948554992676,0.20791111886501312,2.7094829082489014
none,1,undersample,0,10,adam,0.01,10,0.21779999136924744,2.727125406265259,0.21142221987247467,2.7110354900360107
none,1,none,1,50,adam,0.01,20,0.21119999885559082,2.7272214889526367,0.20453333854675293,2.710725784301758
none,1,undersample,0,50,adam,0.01,10,0.22280000150203705,2.7278096675872803,0.21266667544841766,2.711167812347412
none,1,oversample,0,50,adam,0.01,10,0.21279999613761902,2.7278997898101807,0.20679999887943268,2.710857391357422
none,1,undersample,2,10,adam,0.001,200,0.20819999277591705,2.7282044887542725,0.20431111752986908,2.7095534801483154
none,1,none,0,10,adam,0.001,100,0.21239998936653137,2.728482723236084,0.20855556428432465,2.7110252380371094
none,1,oversample,0,100,adam,0.001,100,0.21079999208450317,2.7286365032196045,0.20844444632530212,2.7122952938079834
none,1,none,3,100,adam,0.01,200,0.2624000012874603,2.728649377822876,0.33668890595436096,2.201974391937256
none,1,oversample,2,100,adam,0.01,20,0.21119999885559082,2.728910446166992,0.20453333854675293,2.7170217037200928
none,1,undersample,0,50,adam,0.001,100,0.21199999749660492,2.7295656204223633,0.2080666720867157,2.71346116065979
none,1,none,0,50,adam,0.001,100,0.21059998869895935,2.729802370071411,0.20662222802639008,2.714369297027588
none,1,oversample,1,10,adam,0.1,20,0.21119999885559082,2.7308719158172607,0.20453333854675293,2.7154393196105957
none,1,none,2,50,adam,0.01,20,0.21119999885559082,2.7309224605560303,0.20453333854675293,2.719048023223877
none,1,undersample,3,10,adam,0.001,200,0.21119999885559082,2.730926752090454,0.20453333854675293,2.719965696334839
none,1,oversample,0,50,adam,0.001,100,0.21139998733997345,2.731765031814575,0.20715555548667908,2.7160837650299072
none,1,none,3,50,adam,0.001,100,0.21119999885559082,2.732072114944458,0.20453333854675293,2.7190158367156982
none,1,none,1,100,adam,0.001,50,0.21119999885559082,2.7335104942321777,0.20453333854675293,2.718513250350952
none,1,none,3,10,adam,0.01,50,0.21119999885559082,2.7338526248931885,0.20453333854675293,2.7202577590942383
none,1,none,3,100,adam,0.01,20,0.21119999885559082,2.7344110012054443,0.20453333854675293,2.7207517623901367
none,1,undersample,1,100,adam,0.001,50,0.21119999885559082,2.7353689670562744,0.20453333854675293,2.7203528881073
none,1,none,1,10,adam,0.1,10,0.21119999885559082,2.73610782623291,0.20453333854675293,2.723527431488037
none,1,undersample,3,100,adam,0.01,200,0.2595999836921692,2.736727476119995,0.3169333338737488,2.2919657230377197
none,1,oversample,1,100,adam,0.001,50,0.21119999885559082,2.7368335723876953,0.20453333854675293,2.7227249145507812
none,1,oversample,2,50,adam,0.01,20,0.21119999885559082,2.73755145072937,0.20453333854675293,2.7254810333251953
none,1,oversample,3,50,adam,0.01,20,0.21119999885559082,2.7390506267547607,0.20453333854675293,2.7207448482513428
none,1,oversample,1,10,adam,0.1,10,0.21119999885559082,2.739821434020996,0.20453333854675293,2.7260801792144775
none,1,undersample,3,50,adam,0.01,20,0.21119999885559082,2.7402729988098145,0.20453333854675293,2.725177049636841
none,1,oversample,3,10,adam,0.1,20,0.21119999885559082,2.742786169052124,0.20453333854675293,2.730785846710205
none,1,oversample,2,100,adam,0.001,50,0.21119999885559082,2.743030309677124,0.20453333854675293,2.728011131286621
none,1,undersample,2,50,adam,0.01,20,0.21119999885559082,2.7430663108825684,0.20453333854675293,2.7269229888916016
none,1,none,2,100,adam,0.001,50,0.21119999885559082,2.7438645362854004,0.20453333854675293,2.7297487258911133
none,1,undersample,2,100,adam,0.001,50,0.21119999885559082,2.7440314292907715,0.20453333854675293,2.730470895767212
none,1,oversample,3,100,adam,0.001,50,0.21119999885559082,2.7442212104797363,0.20453333854675293,2.72981595993042
none,1,oversample,2,10,adam,0.001,100,0.21119999885559082,2.7443816661834717,0.20453333854675293,2.738246440887451
none,1,none,3,100,adam,0.001,50,0.21119999885559082,2.7444584369659424,0.20453333854675293,2.728790283203125
none,1,none,2,50,adam,0.001,50,0.21119999885559082,2.7452452182769775,0.20453333854675293,2.7411115169525146
none,1,undersample,1,50,adam,0.01,10,0.21119999885559082,2.7464168071746826,0.20453333854675293,2.733567237854004
none,1,none,2,100,adam,0.01,20,0.21119999885559082,2.747079610824585,0.20453333854675293,2.7333221435546875
none,1,oversample,2,50,adam,0.001,50,0.21119999885559082,2.747126579284668,0.20453333854675293,2.737910032272339
none,1,oversample,1,50,adam,0.01,10,0.21119999885559082,2.747321367263794,0.20453333854675293,2.7318594455718994
none,1,undersample,2,50,adam,0.001,50,0.21119999885559082,2.7476911544799805,0.20453333854675293,2.736220598220825
none,1,none,3,50,adam,0.01,20,0.21119999885559082,2.7478251457214355,0.20453333854675293,2.7291319370269775
none,1,none,1,50,adam,0.01,10,0.21139998733997345,2.748800277709961,0.20444445312023163,2.7386372089385986
none,1,oversample,3,10,adam,0.1,10,0.21119999885559082,2.7493669986724854,0.20453333854675293,2.7311747074127197
none,1,undersample,3,100,adam,0.001,50,0.21119999885559082,2.750033140182495,0.20453333854675293,2.7333943843841553
none,1,none,3,50,adam,0.001,50,0.21119999885559082,2.7503128051757812,0.20453333854675293,2.7423877716064453
none,1,undersample,2,10,adam,0.1,10,0.21119999885559082,2.7503662109375,0.20453333854675293,2.7357523441314697
none,1,undersample,2,100,adam,0.01,20,0.21119999885559082,2.751112461090088,0.20453333854675293,2.730931282043457
none,1,oversample,2,10,adam,0.1,20,0.21119999885559082,2.751328229904175,0.20453333854675293,2.7420260906219482
none,1,oversample,3,10,adam,0.1,100,0.21119999885559082,2.7514445781707764,0.20453333854675293,2.734121084213257
none,1,undersample,2,100,adam,0.01,10,0.21119999885559082,2.7514655590057373,0.20453333854675293,2.7321054935455322
none,1,oversample,3,50,adam,0.001,50,0.21119999885559082,2.7520551681518555,0.20453333854675293,2.739776849746704
none,1,none,3,10,adam,0.01,20,0.21119999885559082,2.752164363861084,0.20453333854675293,2.7422332763671875
none,1,none,2,50,adam,0.01,10,0.21119999885559082,2.752411365509033,0.20453333854675293,2.74334454536438
none,1,undersample,2,100,adam,0.1,20,0.21119999885559082,2.752427101135254,0.20453333854675293,2.74337100982666
none,1,undersample,3,50,adam,0.001,50,0.21119999885559082,2.7531235218048096,0.20453333854675293,2.7419419288635254
none,1,none,1,50,adam,0.1,50,0.21119999885559082,2.753265380859375,0.20453333854675293,2.7408347129821777
none,1,none,2,10,adam,0.1,10,0.21119999885559082,2.753633499145508,0.20453333854675293,2.74251127243042
none,1,none,1,10,adam,0.01,20,0.21119999885559082,2.7536826133728027,0.20453333854675293,2.742677927017212
none,1,undersample,1,100,adam,0.1,50,0.21119999885559082,2.7541627883911133,0.20453333854675293,2.741001844406128
none,1,undersample,3,100,adam,0.1,50,0.21119999885559082,2.7542104721069336,0.20453333854675293,2.740419387817383
none,1,oversample,3,100,adam,0.1,100,0.21119999885559082,2.7547824382781982,0.20453333854675293,2.740344762802124
none,1,oversample,2,50,adam,0.1,100,0.21119999885559082,2.7547950744628906,0.20453333854675293,2.7403578758239746
none,1,oversample,2,100,adam,0.1,100,0.21119999885559082,2.754798173904419,0.20453333854675293,2.740352153778076
none,1,oversample,3,50,adam,0.1,50,0.21119999885559082,2.754814386367798,0.20453333854675293,2.7406697273254395
none,1,none,2,100,adam,0.1,100,0.21119999885559082,2.7548325061798096,0.20455555617809296,2.7402915954589844
none,1,none,2,50,adam,0.1,100,0.21119999885559082,2.7548465728759766,0.20453333854675293,2.7403337955474854
none,1,none,3,50,adam,0.1,200,0.21119999885559082,2.754865884780884,0.20453333854675293,2.740338087081909
none,1,none,3,100,adam,0.1,100,0.21119999885559082,2.754880905151367,0.20453333854675293,2.740334987640381
none,1,undersample,3,50,adam,0.1,100,0.21119999885559082,2.7548933029174805,0.20453333854675293,2.740323781967163
none,1,undersample,1,50,adam,0.1,100,0.21119999885559082,2.754897117614746,0.20453333854675293,2.7403314113616943
none,1,none,3,100,adam,0.1,200,0.21119999885559082,2.7549028396606445,0.20453333854675293,2.7403321266174316
none,1,undersample,2,100,adam,0.1,200,0.21119999885559082,2.7549033164978027,0.20453333854675293,2.7403292655944824
none,1,undersample,2,50,adam,0.1,200,0.21119999885559082,2.7549033164978027,0.20453333854675293,2.7403364181518555
none,1,oversample,1,50,adam,0.1,200,0.21119999885559082,2.754903793334961,0.20453333854675293,2.740312337875366
none,1,oversample,2,100,adam,0.1,200,0.21119999885559082,2.75490403175354,0.20453333854675293,2.7403321266174316
none,1,oversample,3,50,adam,0.1,200,0.21119999885559082,2.7549045085906982,0.20453333854675293,2.7403297424316406
none,1,none,2,100,adam,0.1,200,0.21119999885559082,2.7549047470092773,0.20453333854675293,2.7403311729431152
none,1,oversample,3,100,adam,0.1,200,0.21119999885559082,2.7549047470092773,0.20453333854675293,2.740349054336548
none,1,oversample,2,50,adam,0.1,200,0.21119999885559082,2.7549047470092773,0.20453333854675293,2.7403292655944824
none,1,undersample,1,50,adam,0.1,200,0.21119999885559082,2.7549049854278564,0.20453333854675293,2.740330219268799
none,1,none,1,50,adam,0.1,200,0.21119999885559082,2.7549049854278564,0.20453333854675293,2.7403295040130615
none,1,undersample,2,100,adam,0.1,100,0.21119999885559082,2.754906177520752,0.20453333854675293,2.7403388023376465
none,1,undersample,3,100,adam,0.1,200,0.21119999885559082,2.754906177520752,0.20453333854675293,2.740316152572632
none,1,none,3,50,adam,0.1,100,0.21119999885559082,2.7549126148223877,0.20453333854675293,2.7403311729431152
none,1,undersample,3,10,adam,0.1,50,0.21119999885559082,2.7549173831939697,0.20453333854675293,2.7404356002807617
none,1,none,1,100,adam,0.1,100,0.21119999885559082,2.7549190521240234,0.20453333854675293,2.740349769592285
none,1,oversample,3,10,adam,0.1,50,0.21119999885559082,2.7549381256103516,0.20453333854675293,2.7403807640075684
none,1,undersample,1,100,adam,0.1,100,0.21119999885559082,2.7549471855163574,0.20453333854675293,2.740342617034912
none,1,undersample,2,10,adam,0.01,20,0.21119999885559082,2.7549710273742676,0.20453333854675293,2.7400104999542236
none,1,undersample,2,50,adam,0.1,100,0.21119999885559082,2.754972219467163,0.20453333854675293,2.7403452396392822
none,1,none,1,50,adam,0.1,100,0.21119999885559082,2.754974365234375,0.20453333854675293,2.7403438091278076
none,1,oversample,3,50,adam,0.1,100,0.21119999885559082,2.7549750804901123,0.20453333854675293,2.7403502464294434
none,1,oversample,1,100,adam,0.1,50,0.21119999885559082,2.754976511001587,0.20453333854675293,2.7409372329711914
none,1,none,2,10,adam,0.1,100,0.21119999885559082,2.7549829483032227,0.20453333854675293,2.740339517593384
none,1,undersample,3,100,adam,0.1,100,0.21119999885559082,2.7549915313720703,0.20453333854675293,2.740337610244751
none,1,undersample,2,10,adam,0.1,100,0.21119999885559082,2.7550508975982666,0.20453333854675293,2.740335702896118
none,1,none,2,50,adam,0.1,50,0.21119999885559082,2.7551846504211426,0.20453333854675293,2.7403886318206787
none,1,none,3,50,adam,0.1,50,0.21119999885559082,2.755195140838623,0.20453333854675293,2.740492105484009
none,1,undersample,2,10,adam,0.1,50,0.21119999885559082,2.7552170753479004,0.20453333854675293,2.7404327392578125
none,1,undersample,1,50,adam,0.1,50,0.21119999885559082,2.7552995681762695,0.20453333854675293,2.740319013595581
none,1,none,3,100,adam,0.1,50,0.21119999885559082,2.755469560623169,0.20453333854675293,2.740939140319824
none,1,none,1,100,adam,0.1,50,0.21119999885559082,2.755486011505127,0.20453333854675293,2.740938901901245
none,1,undersample,1,50,adam,0.001,50,0.21119999885559082,2.7556817531585693,0.20453333854675293,2.740600109100342
none,1,oversample,2,50,adam,0.1,50,0.21119999885559082,2.7557339668273926,0.20453333854675293,2.7408151626586914
none,1,oversample,2,100,adam,0.1,50,0.21119999885559082,2.7559125423431396,0.20453333854675293,2.7404582500457764
none,1,none,2,100,adam,0.1,50,0.21119999885559082,2.756160020828247,0.20453333854675293,2.740483045578003
none,1,none,1,50,adam,0.001,50,0.21119999885559082,2.7563042640686035,0.20453333854675293,2.7484402656555176
none,1,undersample,3,50,adam,0.1,50,0.21119999885559082,2.7563061714172363,0.20453333854675293,2.74060320854187
none,1,none,2,100,adam,0.1,20,0.21119999885559082,2.7564358711242676,0.20453333854675293,2.744473695755005
none,1,oversample,1,10,adam,0.01,20,0.21139998733997345,2.756474256515503,0.20444445312023163,2.7427773475646973
none,1,none,1,100,adam,0.1,200,0.21119999885559082,2.7566704750061035,0.20455555617809296,2.740269422531128
none,1,undersample,2,50,adam,0.1,50,0.21119999885559082,2.7569234371185303,0.20453333854675293,2.740701675415039
none,1,undersample,1,50,adam,0.1,20,0.21199999749660492,2.7570104598999023,0.20488889515399933,2.7422983646392822
none,1,undersample,3,100,adam,0.1,20,0.21119999885559082,2.7573235034942627,0.20453333854675293,2.7462410926818848
none,1,oversample,3,100,adam,0.1,20,0.21119999885559082,2.757539987564087,0.20453333854675293,2.74410080909729
none,1,oversample,3,100,adam,0.1,50,0.21119999885559082,2.7576332092285156,0.20453333854675293,2.7409796714782715
none,1,undersample,2,50,adam,0.1,20,0.21119999885559082,2.7577579021453857,0.20453333854675293,2.7437901496887207
none,1,oversample,3,50,adam,0.1,20,0.21119999885559082,2.757983446121216,0.20453333854675293,2.7437379360198975
none,1,undersample,3,50,adam,0.01,10,0.21119999885559082,2.758136749267578,0.20453333854675293,2.7446770668029785
none,1,oversample,2,100,adam,0.01,10,0.21119999885559082,2.7587733268737793,0.20453333854675293,2.741204261779785
none,1,undersample,2,10,adam,0.001,100,0.210999995470047,2.7596311569213867,0.20446667075157166,2.745728015899658
none,1,oversample,2,100,adam,0.1,20,0.21119999885559082,2.7597556114196777,0.20453333854675293,2.7466847896575928
none,1,none,1,100,adam,0.1,20,0.21119999885559082,2.760361433029175,0.20453333854675293,2.7454023361206055
none,1,oversample,3,100,adam,0.01,10,0.21119999885559082,2.760702610015869,0.20453333854675293,2.7402384281158447
none,1,none,2,100,adam,0.001,20,0.21119999885559082,2.7610244750976562,0.20453333854675293,2.759566068649292
none,1,undersample,1,10,adam,0.1,10,0.21119999885559082,2.7610294818878174,0.20453333854675293,2.751105546951294
none,1,undersample,3,50,adam,0.1,20,0.21119999885559082,2.761075019836426,0.20453333854675293,2.7448885440826416
none,1,oversample,1,50,adam,0.1,20,0.21119999885559082,2.7612907886505127,0.20453333854675293,2.7446959018707275
none,1,oversample,1,50,adam,0.001,50,0.21119999885559082,2.7616894245147705,0.20453333854675293,2.7469115257263184
none,1,none,3,10,adam,0.1,20,0.21119999885559082,2.7617852687835693,0.20453333854675293,2.7441117763519287
none,1,none,2,10,adam,0.01,20,0.21119999885559082,2.761794090270996,0.20453333854675293,2.7423412799835205
none,1,none,3,50,adam,0.1,20,0.21119999885559082,2.7626850605010986,0.20453333854675293,2.7451653480529785
none,1,none,3,50,adam,0.01,10,0.21119999885559082,2.763085126876831,0.20453333854675293,2.7505877017974854
none,1,none,3,100,adam,0.1,20,0.21119999885559082,2.763810634613037,0.20453333854675293,2.748122215270996
none,1,none,1,10,adam,0.001,100,0.21480000019073486,2.7645249366760254,0.2089555561542511,2.744687557220459
none,1,none,3,10,adam,0.1,10,0.21119999885559082,2.764744997024536,0.20453333854675293,2.756370782852173
none,1,oversample,2,50,adam,0.1,20,0.21119999885559082,2.7650444507598877,0.20453333854675293,2.7518343925476074
none,1,undersample,3,100,adam,0.001,20,0.21119999885559082,2.7655227184295654,0.20453333854675293,2.7604806423187256
none,1,undersample,3,10,adam,0.1,20,0.21119999885559082,2.76554799079895,0.20453333854675293,2.750865936279297
none,1,none,2,50,adam,0.1,20,0.21119999885559082,2.7657227516174316,0.20453333854675293,2.748398542404175
none,1,oversample,3,10,adam,0.001,100,0.21119999885559082,2.765859842300415,0.20453333854675293,2.761486053466797
none,1,undersample,3,100,adam,0.01,10,0.21119999885559082,2.766606330871582,0.20453333854675293,2.743997812271118
none,1,oversample,2,10,adam,0.01,20,0.21119999885559082,2.767103433609009,0.20453333854675293,2.760593891143799
none,1,none,3,10,adam,0.001,100,0.21119999885559082,2.7678542137145996,0.20453333854675293,2.759456157684326
none,1,undersample,1,100,adam,0.01,10,0.21119999885559082,2.7678585052490234,0.20453333854675293,2.7542335987091064
none,1,oversample,2,50,adam,0.01,10,0.21119999885559082,2.767918348312378,0.20453333854675293,2.75309419631958
none,1,oversample,1,100,adam,0.01,10,0.21119999885559082,2.7682738304138184,0.20453333854675293,2.75298810005188
none,1,none,2,100,adam,0.01,10,0.21119999885559082,2.770057201385498,0.20453333854675293,2.747976303100586
none,1,none,3,100,adam,0.001,20,0.21119999885559082,2.77008056640625,0.20453333854675293,2.7647242546081543
none,1,none,2,10,adam,0.001,100,0.21119999885559082,2.770083427429199,0.20453333854675293,2.7611188888549805
none,1,undersample,3,100,adam,0.1,10,0.21119999885559082,2.7721283435821533,0.20453333854675293,2.7628562450408936
none,1,oversample,3,50,adam,0.01,10,0.21119999885559082,2.7730016708374023,0.20453333854675293,2.7630808353424072
none,1,undersample,2,50,adam,0.01,10,0.21119999885559082,2.773826837539673,0.20453333854675293,2.7634785175323486
none,1,oversample,3,10,adam,0.01,20,0.21119999885559082,2.7748637199401855,0.20453333854675293,2.7576355934143066
none,1,none,1,100,adam,0.01,10,0.21119999885559082,2.7763149738311768,0.20453333854675293,2.762972593307495
none,1,undersample,3,100,adam,0.01,20,0.21119999885559082,2.778107166290283,0.20453333854675293,2.7498276233673096
none,1,oversample,3,100,adam,0.1,10,0.21119999885559082,2.779719352722168,0.20453333854675293,2.7628555297851562
none,1,undersample,3,10,adam,0.1,10,0.21119999885559082,2.781087875366211,0.20453333854675293,2.7661075592041016
none,1,undersample,2,100,adam,0.1,10,0.21119999885559082,2.781432867050171,0.20453333854675293,2.76025128364563
none,1,undersample,2,100,adam,0.001,20,0.21119999885559082,2.7831506729125977,0.20453333854675293,2.772474765777588
none,1,oversample,2,100,adam,0.001,20,0.21119999885559082,2.7848153114318848,0.20453333854675293,2.7803008556365967
none,1,oversample,3,50,adam,0.1,10,0.21119999885559082,2.7848639488220215,0.20453333854675293,2.768505811691284
none,1,none,1,100,adam,0.1,10,0.10419999808073044,2.78806471824646,0.10891111195087433,2.7684152126312256
none,1,undersample,1,100,adam,0.1,20,0.10419999808073044,2.7907962799072266,0.10891111195087433,2.7696402072906494
none,1,oversample,1,50,adam,0.1,10,0.21119999885559082,2.7916369438171387,0.20455555617809296,2.7740533351898193
none,1,undersample,2,50,adam,0.1,10,0.10419999808073044,2.79213285446167,0.10891111195087433,2.7696688175201416
none,1,undersample,1,10,adam,0.001,100,0.20919999480247498,2.792402744293213,0.20293334126472473,2.7847983837127686
none,1,none,3,100,adam,0.01,10,0.21119999885559082,2.7953641414642334,0.20453333854675293,2.7830135822296143
none,1,oversample,3,100,adam,0.001,20,0.21119999885559082,2.796236038208008,0.20453333854675293,2.7920875549316406
none,1,none,2,50,adam,0.1,10,0.21119999885559082,2.7965762615203857,0.20453333854675293,2.791131019592285
none,1,oversample,1,100,adam,0.1,20,0.10419999808073044,2.7969613075256348,0.10891111195087433,2.7754969596862793
none,1,undersample,3,10,adam,0.01,20,0.20979999005794525,2.7980735301971436,0.20413333177566528,2.789440393447876
none,1,undersample,1,100,adam,0.001,20,0.21119999885559082,2.798121690750122,0.20453333854675293,2.7957680225372314
none,1,oversample,2,10,adam,0.01,10,0.10419999808073044,2.8000802993774414,0.10891111195087433,2.7958157062530518
none,1,undersample,1,50,adam,0.1,10,0.21119999885559082,2.8011391162872314,0.20453333854675293,2.7890822887420654
none,1,oversample,0,50,adam,0.001,50,0.21539999544620514,2.8013134002685547,0.20873333513736725,2.7933104038238525
none,1,none,3,50,adam,0.1,10,0.21119999885559082,2.801748514175415,0.20453333854675293,2.7826595306396484
none,1,oversample,0,100,adam,0.001,50,0.2231999933719635,2.803797721862793,0.21291111409664154,2.7942450046539307
none,1,none,3,100,adam,0.1,10,0.21119999885559082,2.8045272827148438,0.20453333854675293,2.7822823524475098
none,1,none,1,100,adam,0.001,20,0.21119999885559082,2.8057754039764404,0.20453333854675293,2.8047618865966797
none,1,undersample,0,100,adam,0.001,50,0.2117999941110611,2.8068065643310547,0.20364443957805634,2.798143148422241
none,1,oversample,2,50,adam,0.1,10,0.10419999808073044,2.8077406883239746,0.10891111195087433,2.790713310241699
none,1,undersample,0,10,adam,0.001,50,0.19939999282360077,2.807859420776367,0.19233334064483643,2.7996294498443604
none,1,undersample,3,10,adam,0.001,100,0.10080000013113022,2.808978319168091,0.10473333299160004,2.801753282546997
none,1,oversample,2,10,adam,0.1,10,0.21119999885559082,2.8103930950164795,0.20453333854675293,2.7974302768707275
none,1,oversample,0,10,adam,0.001,50,0.18060000240802765,2.810706377029419,0.1733555644750595,2.8020617961883545
none,1,undersample,1,100,adam,0.1,10,0.10419999808073044,2.8109052181243896,0.10891111195087433,2.7939071655273438
none,1,none,0,100,adam,0.001,50,0.21400000154972076,2.8134758472442627,0.20802222192287445,2.805307388305664
none,1,undersample,0,50,adam,0.001,50,0.20719999074935913,2.814152956008911,0.2092222273349762,2.80429744720459
none,1,none,2,100,adam,0.1,10,0.21119999885559082,2.815035820007324,0.20453333854675293,2.7931981086730957
none,1,none,0,10,adam,0.001,50,0.1664000004529953,2.815420389175415,0.16402222216129303,2.804979085922241
none,1,none,0,50,adam,0.001,50,0.16859999299049377,2.8170084953308105,0.16777777671813965,2.808631420135498
none,1,oversample,2,100,adam,0.1,10,0.10419999808073044,2.821537733078003,0.10891111195087433,2.8031387329101562
none,1,none,2,10,adam,0.01,10,0.21119999885559082,2.824672222137451,0.20453333854675293,2.7960269451141357
none,1,none,1,10,adam,0.01,10,0.21079999208450317,2.827000856399536,0.21639999747276306,2.8221683502197266
none,1,undersample,1,10,adam,0.01,10,0.21119999885559082,2.834878921508789,0.20453333854675293,2.8326287269592285
none,1,undersample,2,10,adam,0.01,10,0.21119999885559082,2.8404407501220703,0.20453333854675293,2.831773519515991
none,1,oversample,1,100,adam,0.001,20,0.21119999885559082,2.843149423599243,0.20453333854675293,2.833554744720459
none,1,none,3,10,adam,0.001,50,0.21119999885559082,2.850322961807251,0.20453333854675293,2.846931219100952
none,1,undersample,3,50,adam,0.1,10,0.10080000013113022,2.8508167266845703,0.10473333299160004,2.833678722381592
none,1,none,1,50,adam,0.1,10,0.10080000013113022,2.865309476852417,0.10473333299160004,2.849675416946411
none,1,oversample,3,10,adam,0.01,10,0.10419999808073044,2.8687524795532227,0.10891111195087433,2.8564388751983643
none,1,undersample,3,10,adam,0.01,10,0.10080000013113022,2.8722355365753174,0.10473333299160004,2.8707275390625
none,1,undersample,1,10,adam,0.01,20,0.1151999980211258,2.8738441467285156,0.12082222104072571,2.867520570755005
none,1,undersample,2,50,adam,0.001,20,0.21119999885559082,2.874006986618042,0.20453333854675293,2.8753345012664795
none,1,oversample,1,100,adam,0.1,10,0.10419999808073044,2.8820126056671143,0.10891111195087433,2.868274211883545
none,1,none,3,10,adam,0.01,10,0.21119999885559082,2.8855600357055664,0.20453333854675293,2.889848232269287
none,1,oversample,3,10,adam,0.001,50,0.21119999885559082,2.892206907272339,0.20453333854675293,2.887373208999634
none,1,oversample,1,10,adam,0.001,100,0.10419999808073044,2.893079996109009,0.10891111195087433,2.880890130996704
none,1,none,0,50,adam,0.001,20,0.18219999969005585,2.894056797027588,0.1836666613817215,2.89093279838562
none,1,oversample,0,50,adam,0.001,20,0.20499999821186066,2.894676923751831,0.2019111067056656,2.890326976776123
none,1,none,2,10,adam,0.001,50,0.21119999885559082,2.894746780395508,0.20453333854675293,2.899625062942505
none,1,oversample,1,10,adam,0.001,50,0.21119999885559082,2.896152973175049,0.20453333854675293,2.8992676734924316
none,1,none,0,10,adam,0.001,20,0.12099999934434891,2.903473138809204,0.1251777857542038,2.8996779918670654
none,1,undersample,0,50,adam,0.001,20,0.13079999387264252,2.9058468341827393,0.13793332874774933,2.9011244773864746
none,1,oversample,0,10,adam,0.001,20,0.1257999986410141,2.906970739364624,0.1287333369255066,2.9014110565185547
none,1,undersample,0,100,adam,0.001,20,0.12379999458789825,2.9094603061676025,0.13842222094535828,2.904621124267578
none,1,undersample,3,10,adam,0.001,20,0.21119999885559082,2.912357807159424,0.20453333854675293,2.9083006381988525
none,1,undersample,0,10,adam,0.001,20,0.18559999763965607,2.912385940551758,0.18693333864212036,2.9063925743103027
none,1,undersample,1,50,adam,0.001,20,0.20019999146461487,2.9128341674804688,0.19173333048820496,2.9061408042907715
none,1,oversample,2,10,adam,0.001,50,0.10419999808073044,2.913832426071167,0.10891111195087433,2.9208149909973145
none,1,undersample,3,50,adam,0.001,20,0.21119999885559082,2.9140002727508545,0.20453333854675293,2.9142208099365234
none,1,none,0,100,adam,0.001,20,0.15680000185966492,2.9148213863372803,0.16935555636882782,2.908759355545044
none,1,oversample,2,100,adam,0.001,10,0.21119999885559082,2.916490316390991,0.20453333854675293,2.9143083095550537
none,1,oversample,1,50,adam,0.001,20,0.10080000013113022,2.9170162677764893,0.10473333299160004,2.9137485027313232
none,1,undersample,3,10,adam,0.001,50,0.21119999885559082,2.9194164276123047,0.20453333854675293,2.9265568256378174
none,1,none,1,50,adam,0.001,20,0.21040000021457672,2.9200358390808105,0.20528888702392578,2.9205548763275146
none,1,undersample,1,100,adam,0.001,10,0.21139998733997345,2.920661687850952,0.20444445312023163,2.9187636375427246
none,1,oversample,0,100,adam,0.001,20,0.10480000078678131,2.9222025871276855,0.10971111059188843,2.9174158573150635
none,1,oversample,1,10,adam,0.01,10,0.10419999808073044,2.9291186332702637,0.10891111195087433,2.929776668548584
none,1,undersample,3,100,adam,0.001,10,0.21119999885559082,2.9294369220733643,0.20453333854675293,2.9319329261779785
none,1,none,1,100,adam,0.001,10,0.21119999885559082,2.935192584991455,0.20453333854675293,2.9366486072540283
none,1,undersample,2,100,adam,0.001,10,0.21119999885559082,2.9352903366088867,0.20453333854675293,2.9360437393188477
none,1,oversample,1,100,adam,0.001,10,0.21119999885559082,2.9358906745910645,0.20453333854675293,2.935333013534546
none,1,none,0,50,adam,0.001,10,0.20799998939037323,2.936657190322876,0.20268888771533966,2.9351096153259277
none,1,none,1,10,adam,0.001,20,0.06159999966621399,2.9385018348693848,0.04551111161708832,2.9467458724975586
none,1,none,0,10,adam,0.001,10,0.14479999244213104,2.940615653991699,0.1590222269296646,2.937838554382324
none,1,undersample,0,10,adam,0.001,10,0.16599999368190765,2.942201852798462,0.17117777466773987,2.939523220062256
none,1,none,1,10,adam,0.001,50,0.05419999733567238,2.9453189373016357,0.051777780055999756,2.9379613399505615
none,1,none,1,50,adam,0.001,10,0.21119999885559082,2.945512533187866,0.20453333854675293,2.9511876106262207
none,1,oversample,2,50,adam,0.001,20,0.210999995470047,2.9478046894073486,0.20437778532505035,2.945082902908325
none,1,none,3,50,adam,0.001,10,0.21119999885559082,2.950465202331543,0.20453333854675293,2.9522902965545654
none,1,oversample,3,50,adam,0.001,20,0.10419999808073044,2.9518508911132812,0.10891111195087433,2.946636915206909
none,1,undersample,0,50,adam,0.001,10,0.10619999468326569,2.9541099071502686,0.11237777769565582,2.9509809017181396
none,1,none,3,50,adam,0.001,20,0.21119999885559082,2.9542930126190186,0.20453333854675293,2.9561774730682373
none,1,oversample,0,100,adam,0.001,10,0.19339999556541443,2.9552533626556396,0.19339999556541443,2.9544572830200195
none,1,undersample,0,100,adam,0.001,10,0.11379999667406082,2.9558279514312744,0.11555555462837219,2.9526679515838623
none,1,oversample,0,10,adam,0.001,10,0.11239999532699585,2.9558804035186768,0.12213333696126938,2.951078176498413
none,1,oversample,0,50,adam,0.001,10,0.12759999930858612,2.956859827041626,0.1446000039577484,2.9548377990722656
none,1,none,0,100,adam,0.001,10,0.10359999537467957,2.9585819244384766,0.10593333095312119,2.9553537368774414
none,1,none,3,10,adam,0.001,10,0.02579999901354313,2.9588234424591064,0.02768888883292675,2.957813262939453
none,1,none,2,100,adam,0.001,10,0.16579999029636383,2.9591317176818848,0.16751110553741455,2.9577314853668213
none,1,undersample,3,50,adam,0.001,10,0.21119999885559082,2.959202289581299,0.20453333854675293,2.955707550048828
none,1,oversample,3,100,adam,0.001,10,0.10080000013113022,2.9599671363830566,0.10473333299160004,2.959873914718628
none,1,none,2,50,adam,0.001,20,0.2053999900817871,2.9610142707824707,0.1991555541753769,2.956115961074829
none,1,none,3,100,adam,0.001,10,0.21119999885559082,2.9610495567321777,0.20453333854675293,2.9598007202148438
none,1,oversample,2,50,adam,0.001,10,0.10419999808073044,2.961946725845337,0.10891111195087433,2.959097146987915
none,1,undersample,1,10,adam,0.001,10,0.21119999885559082,2.9629623889923096,0.20453333854675293,2.9718194007873535
none,1,undersample,3,10,adam,0.001,10,0.02579999901354313,2.9634432792663574,0.03355555608868599,2.961294174194336
none,1,none,2,10,adam,0.001,10,0.06599999964237213,2.9663312435150146,0.0673111155629158,2.9645371437072754
none,1,undersample,1,50,adam,0.001,10,0.10419999808073044,2.9692797660827637,0.10891111195087433,2.9695444107055664
none,1,undersample,2,50,adam,0.001,10,0.10379999876022339,2.9713211059570312,0.10886666923761368,2.9650330543518066
none,1,undersample,2,10,adam,0.001,10,0.025999998673796654,2.971402406692505,0.026555554941296577,2.981496572494507
none,1,oversample,3,50,adam,0.001,10,0.03059999831020832,2.9744110107421875,0.02177777886390686,2.9743151664733887
none,1,oversample,1,50,adam,0.001,10,0.10419999808073044,2.9748377799987793,0.10891111195087433,2.973409414291382
none,1,oversample,2,10,adam,0.001,20,0.04859999939799309,2.978147506713867,0.047688890248537064,2.9787073135375977
none,1,none,2,50,adam,0.001,10,0.04859999939799309,2.978487491607666,0.047688890248537064,2.9757885932922363
none,1,none,1,10,adam,0.001,10,0.047599997371435165,2.982191562652588,0.047377780079841614,2.974524974822998
none,1,oversample,1,10,adam,0.001,10,0.035999998450279236,2.985625743865967,0.03951111063361168,2.9867916107177734
none,1,undersample,1,10,adam,0.001,50,0.039799999445676804,2.994840383529663,0.05211111158132553,2.9872124195098877
none,1,oversample,3,10,adam,0.001,10,0.047599997371435165,2.9993810653686523,0.047377780079841614,2.990435838699341
none,1,undersample,1,10,adam,0.001,20,0.04859999939799309,3.0021262168884277,0.047688890248537064,3.0008976459503174
none,1,oversample,1,10,adam,0.001,20,0.026200000196695328,3.0046770572662354,0.026466667652130127,2.999823570251465
none,1,oversample,2,10,adam,0.001,10,0.10419999808073044,3.0102949142456055,0.10891111195087433,3.002753734588623
none,1,oversample,3,10,adam,0.001,20,0.029600000008940697,3.01100754737854,0.020755555480718613,3.0087172985076904
none,1,none,2,10,adam,0.001,20,0.10080000013113022,3.0184690952301025,0.10473333299160004,3.0122835636138916
none,1,none,3,10,adam,0.001,20,0.02579999901354313,3.024400472640991,0.03355555608868599,3.022509813308716
none,1,undersample,2,10,adam,0.001,50,0.03139999881386757,3.028794288635254,0.028066666796803474,3.0296707153320312
none,1,undersample,2,10,adam,0.001,20,0.03059999831020832,3.039072275161743,0.02177777886390686,3.036726474761963
